日期,股票代码,名称,收盘价,最高价,最低价,开盘价,前收盘,涨跌额,涨跌幅,换手率,成交量,成交金额,总市值,流通市值
2020-11-10,'600519,贵州茅台,1745.0,1764.48,1736.0,1752.92,1742.57,2.43,0.1394,0.2403,3018944,5287968173.0,2.192065161e+12,2.192065161e+12
2020-11-09,'600519,贵州茅台,1742.57,1750.68,1700.62,1701.38,1700.62,41.95,2.4667,0.3301,4146970,7198679683.0,2.18901260035e+12,2.18901260035e+12
2020-11-06,'600519,贵州茅台,1700.62,1731.59,1690.0,1730.55,1721.9,-21.28,-1.2358,0.1835,2305153,3932702367.0,2.13631510264e+12,2.13631510264e+12
2020-11-05,'600519,贵州茅台,1721.9,1732.48,1712.1,1717.0,1699.58,22.32,1.3133,0.1873,2352414,4053043271.0,2.16304699182e+12,2.16304699182e+12
2020-11-04,'600519,贵州茅台,1699.58,1704.0,1685.0,1700.0,1695.0,4.58,0.2702,0.1309,1644371,2788396253.0,2.13500865692e+12,2.13500865692e+12
2020-11-03,'600519,贵州茅台,1695.0,1705.9,1675.5,1684.99,1674.01,20.99,1.2539,0.1871,2349749,3976621208.0,2.129255271e+12,2.129255271e+12
2020-11-02,'600519,贵州茅台,1674.01,1695.0,1672.0,1675.0,1670.02,3.99,0.2389,0.1677,2106643,3544422245.0,2.10288767918e+12,2.10288767918e+12
2020-10-30,'600519,贵州茅台,1670.02,1696.0,1665.0,1678.0,1676.0,-5.98,-0.3568,0.2074,2605545,4379602068.0,2.09787544996e+12,2.09787544996e+12
2020-10-29,'600519,贵州茅台,1676.0,1708.0,1647.0,1654.84,1664.81,11.19,0.6721,0.3134,3937376,6633168613.0,2.1053875128e+12,2.1053875128e+12
2020-10-28,'600519,贵州茅台,1664.81,1677.0,1625.08,1626.0,1625.0,39.81,2.4498,0.2757,3463653,5739452181.0,2.09133065942e+12,2.09133065942e+12
2020-10-27,'600519,贵州茅台,1625.0,1644.0,1616.12,1643.0,1643.0,-18.0,-1.0956,0.3498,4394440,7156688307.0,2.041321425e+12,2.041321425e+12
2020-10-26,'600519,贵州茅台,1643.0,1662.92,1600.0,1619.0,1715.33,-72.33,-4.2167,0.5255,6601529,10821908227.0,2.0639329854e+12,2.0639329854e+12
2020-10-23,'600519,贵州茅台,1715.33,1747.59,1714.0,1740.78,1742.5,-27.17,-1.5593,0.1536,1929169,3339987454.0,2.15479377227e+12,2.15479377227e+12
2020-10-22,'600519,贵州茅台,1742.5,1745.0,1715.51,1730.0,1733.33,9.17,0.529,0.179,2248087,3897729793.0,2.1889246665e+12,2.1889246665e+12
2020-10-21,'600519,贵州茅台,1733.33,1742.15,1723.0,1734.1,1734.0,-0.67,-0.0386,0.1505,1890137,3275357440.0,2.17740533267e+12,2.17740533267e+12
2020-10-20,'600519,贵州茅台,1734.0,1734.97,1695.0,1699.99,1699.0,35.0,2.06,0.2208,2773493,4787807536.0,2.1782469852e+12,2.1782469852e+12
2020-10-19,'600519,贵州茅台,1699.0,1733.98,1691.9,1725.0,1712.0,-13.0,-0.7593,0.1531,1922632,3284383415.0,2.1342800622e+12,2.1342800622e+12
2020-10-16,'600519,贵州茅台,1712.0,1734.58,1703.0,1725.0,1725.0,-13.0,-0.7536,0.1383,1737738,2991246892.0,2.1506106336e+12,2.1506106336e+12
2020-10-15,'600519,贵州茅台,1725.0,1735.0,1721.0,1721.13,1729.0,-4.0,-0.2313,0.129,1620436,2801250556.0,2.166941205e+12,2.166941205e+12
2020-10-14,'600519,贵州茅台,1729.0,1746.98,1726.0,1740.0,1739.0,-10.0,-0.575,0.163,2048139,3554316589.0,2.1719659962e+12,2.1719659962e+12
2020-10-13,'600519,贵州茅台,1739.0,1750.62,1735.0,1750.62,1750.61,-11.61,-0.6632,0.1826,2294389,3995560518.0,2.1845279742e+12,2.1845279742e+12
2020-10-12,'600519,贵州茅台,1750.61,1750.61,1700.0,1700.0,1696.0,54.61,3.2199,0.3481,4372904,7597987786.0,2.19911243066e+12,2.19911243066e+12
2020-10-09,'600519,贵州茅台,1696.0,1706.42,1688.0,1692.0,1668.5,27.5,1.6482,0.2726,3423988,5817280605.0,2.1305114688e+12,2.1305114688e+12
2020-09-30,'600519,贵州茅台,1668.5,1691.9,1660.0,1660.0,1652.3,16.2,0.9805,0.2156,2708781,4536012540.0,2.0959660293e+12,2.0959660293e+12
2020-09-29,'600519,贵州茅台,1652.3,1669.4,1652.3,1669.33,1661.0,-8.7,-0.5238,0.1388,1743078,2895081366.0,2.07561562494e+12,2.07561562494e+12
2020-09-28,'600519,贵州茅台,1661.0,1668.5,1635.19,1635.19,1635.11,25.89,1.5834,0.1929,2423222,4019640150.0,2.0865445458e+12,2.0865445458e+12
2020-09-25,'600519,贵州茅台,1635.11,1650.0,1625.0,1630.0,1629.32,5.79,0.3554,0.1798,2258296,3700843486.0,2.05402158476e+12,2.05402158476e+12
2020-09-24,'600519,贵州茅台,1629.32,1658.88,1626.8,1635.97,1649.98,-20.66,-1.2521,0.2392,3005078,4915392273.0,2.0467481995e+12,2.0467481995e+12
2020-09-23,'600519,贵州茅台,1649.98,1666.01,1621.02,1635.0,1665.69,-15.71,-0.9432,0.2844,3572552,5878691069.0,2.07270124604e+12,2.07270124604e+12
2020-09-22,'600519,贵州茅台,1665.69,1686.98,1650.0,1650.0,1666.8,-1.11,-0.0666,0.1852,2326547,3890070212.0,2.09243611348e+12,2.09243611348e+12
2020-09-21,'600519,贵州茅台,1666.8,1692.76,1666.66,1692.76,1695.0,-28.2,-1.6637,0.1787,2244407,3756765108.0,2.09383049304e+12,2.09383049304e+12
2020-09-18,'600519,贵州茅台,1695.0,1695.0,1635.01,1665.0,1670.52,24.48,1.4654,0.3757,4720140,7853673241.0,2.129255271e+12,2.129255271e+12
2020-09-17,'600519,贵州茅台,1670.52,1700.0,1658.0,1700.0,1725.1,-54.58,-3.1639,0.5069,6367985,10683350187.0,2.09850354886e+12,2.09850354886e+12
2020-09-16,'600519,贵州茅台,1725.1,1764.81,1719.0,1760.0,1760.0,-34.9,-1.983,0.1792,2251598,3916457762.0,2.16706682478e+12,2.16706682478e+12
2020-09-15,'600519,贵州茅台,1760.0,1769.99,1747.75,1769.99,1766.0,-6.0,-0.3398,0.1657,2082087,3654872009.0,2.210908128e+12,2.210908128e+12
2020-09-14,'600519,贵州茅台,1766.0,1769.0,1730.58,1745.0,1733.0,33.0,1.9042,0.2472,3105601,5448188995.0,2.2184453148e+12,2.2184453148e+12
2020-09-11,'600519,贵州茅台,1733.0,1736.0,1688.0,1688.0,1705.8,27.2,1.5946,0.2475,3108800,5339883408.0,2.1769907874e+12,2.1769907874e+12
2020-09-10,'600519,贵州茅台,1705.8,1720.0,1700.0,1703.74,1688.0,17.8,1.0545,0.1972,2477833,4236694402.0,2.14282220724e+12,2.14282220724e+12
2020-09-09,'600519,贵州茅台,1688.0,1711.0,1680.04,1699.67,1711.4,-23.4,-1.3673,0.2067,2596355,4401806095.0,2.1204618864e+12,2.1204618864e+12
2020-09-08,'600519,贵州茅台,1711.4,1737.8,1677.07,1732.0,1723.5,-12.1,-0.7021,0.2744,3447238,5865962724.0,2.14985691492e+12,2.14985691492e+12
2020-09-07,'600519,贵州茅台,1723.5,1777.99,1703.97,1760.0,1770.0,-46.5,-2.6271,0.2477,3111202,5446354619.0,2.1650569083e+12,2.1650569083e+12
2020-09-04,'600519,贵州茅台,1770.0,1776.99,1746.0,1766.0,1793.0,-23.0,-1.2828,0.2456,3085796,5433479408.0,2.223470106e+12,2.223470106e+12
2020-09-03,'600519,贵州茅台,1793.0,1812.0,1779.7,1795.0,1795.0,-2.0,-0.1114,0.2423,3043735,5471333880.0,2.2523626554e+12,2.2523626554e+12
2020-09-02,'600519,贵州茅台,1795.0,1828.0,1770.0,1825.0,1801.98,-6.98,-0.3874,0.2548,3200929,5746351923.0,2.254875051e+12,2.254875051e+12
2020-09-01,'600519,贵州茅台,1801.98,1802.0,1775.01,1792.0,1786.5,15.48,0.8665,0.2519,3163992,5661594315.0,2.26364331164e+12,2.26364331164e+12
2020-08-31,'600519,贵州茅台,1786.5,1816.0,1770.58,1770.58,1757.0,29.5,1.679,0.3806,4781036,8608932570.0,2.2441973697e+12,2.2441973697e+12
2020-08-28,'600519,贵州茅台,1757.0,1764.0,1721.5,1731.0,1731.0,26.0,1.502,0.3367,4229962,7389242302.0,2.2071395346e+12,2.2071395346e+12
2020-08-27,'600519,贵州茅台,1731.0,1733.98,1705.0,1731.99,1727.0,4.0,0.2316,0.1802,2263553,3896759446.0,2.1744783918e+12,2.1744783918e+12
2020-08-26,'600519,贵州茅台,1727.0,1745.0,1715.02,1734.0,1727.0,0.0,0.0,0.2087,2621573,4530374186.0,2.1694536006e+12,2.1694536006e+12
2020-08-25,'600519,贵州茅台,1727.0,1746.78,1698.63,1704.8,1696.35,30.65,1.8068,0.3333,4187249,7227309774.0,2.1694536006e+12,2.1694536006e+12
2020-08-24,'600519,贵州茅台,1696.35,1708.0,1691.01,1700.0,1676.0,20.35,1.2142,0.2462,3093344,5260286523.0,2.13095113803e+12,2.13095113803e+12
2020-08-21,'600519,贵州茅台,1676.0,1698.0,1671.0,1673.0,1664.0,12.0,0.7212,0.1997,2508241,4217048420.0,2.1053875128e+12,2.1053875128e+12
2020-08-20,'600519,贵州茅台,1664.0,1679.0,1656.0,1674.0,1687.0,-23.0,-1.3634,0.1782,2238233,3727183935.0,2.0903131392e+12,2.0903131392e+12
2020-08-19,'600519,贵州茅台,1687.0,1717.0,1682.99,1700.0,1705.0,-18.0,-1.0557,0.2143,2691498,4578143762.0,2.1192056886e+12,2.1192056886e+12
2020-08-18,'600519,贵州茅台,1705.0,1720.0,1691.0,1697.38,1690.0,15.0,0.8876,0.2422,3042281,5192751797.0,2.141817249e+12,2.141817249e+12
2020-08-17,'600519,贵州茅台,1690.0,1704.35,1670.0,1674.0,1661.0,29.0,1.7459,0.3469,4357201,7363610867.0,2.122974282e+12,2.122974282e+12
2020-08-14,'600519,贵州茅台,1661.0,1665.7,1631.0,1639.9,1635.0,26.0,1.5902,0.2997,3765318,6230475427.0,2.0865445458e+12,2.0865445458e+12
2020-08-13,'600519,贵州茅台,1635.0,1638.88,1609.0,1630.0,1626.95,8.05,0.4948,0.1635,2054134,3341652186.0,2.053883403e+12,2.053883403e+12
2020-08-12,'600519,贵州茅台,1626.95,1641.0,1605.25,1633.0,1642.51,-15.56,-0.9473,0.2224,2793392,4529267493.0,2.04377101071e+12,2.04377101071e+12
2020-08-11,'600519,贵州茅台,1642.51,1666.43,1640.0,1640.0,1633.99,8.52,0.5214,0.2851,3581818,5936904876.0,2.06331744848e+12,2.06331744848e+12
2020-08-10,'600519,贵州茅台,1633.99,1644.96,1608.11,1627.97,1631.0,2.99,0.1833,0.1881,2362354,3857721122.0,2.05261464322e+12,2.05261464322e+12
2020-08-07,'600519,贵州茅台,1631.0,1649.67,1598.5,1644.77,1637.96,-6.96,-0.4249,0.2726,3424205,5560065753.0,2.0488586118e+12,2.0488586118e+12
2020-08-06,'600519,贵州茅台,1637.96,1674.03,1630.0,1670.0,1668.0,-30.04,-1.801,0.2599,3264878,5372942645.0,2.05760174849e+12,2.05760174849e+12
2020-08-05,'600519,贵州茅台,1668.0,1673.09,1643.31,1662.09,1669.99,-1.99,-0.1192,0.2032,2552169,4236612469.0,2.0953379304e+12,2.0953379304e+12
2020-08-04,'600519,贵州茅台,1669.99,1682.99,1660.0,1675.0,1668.0,1.99,0.1193,0.2543,3194051,5337185768.0,2.09783776402e+12,2.09783776402e+12
2020-08-03,'600519,贵州茅台,1668.0,1696.58,1660.0,1686.88,1678.18,-10.18,-0.6066,0.2759,3466114,5790041422.0,2.0953379304e+12,2.0953379304e+12
2020-07-31,'600519,贵州茅台,1678.18,1705.0,1646.0,1685.0,1680.0,-1.82,-0.1083,0.3239,4068474,6846747330.0,2.108126024e+12,2.108126024e+12
2020-07-30,'600519,贵州茅台,1680.0,1700.59,1670.5,1671.2,1672.0,8.0,0.4785,0.3055,3837304,6486855475.0,2.110412304e+12,2.110412304e+12
2020-07-29,'600519,贵州茅台,1672.0,1690.0,1633.0,1690.0,1670.0,2.0,0.1198,0.404,5074843,8411789967.0,2.1003627216e+12,2.1003627216e+12
2020-07-28,'600519,贵州茅台,1670.0,1680.0,1630.0,1630.0,1622.55,47.45,2.9244,0.4371,5491152,9133721867.0,2.097850326e+12,2.097850326e+12
2020-07-27,'600519,贵州茅台,1622.55,1629.8,1600.0,1616.01,1595.3,27.25,1.7081,0.3088,3878817,6279664444.0,2.03824374039e+12,2.03824374039e+12
2020-07-24,'600519,贵州茅台,1595.3,1666.0,1585.0,1654.85,1676.0,-80.7,-4.815,0.6269,7875201,12705941887.0,2.00401235034e+12,2.00401235034e+12
2020-07-23,'600519,贵州茅台,1676.0,1691.0,1650.0,1672.0,1678.08,-2.08,-0.124,0.2732,3432052,5739050333.0,2.1053875128e+12,2.1053875128e+12
2020-07-22,'600519,贵州茅台,1678.08,1710.0,1658.0,1658.0,1668.0,10.08,0.6043,0.3121,3920121,6637265372.0,2.10800040422e+12,2.10800040422e+12
2020-07-21,'600519,贵州茅台,1668.0,1702.8,1630.99,1646.64,1636.96,31.04,1.8962,0.3341,4196950,7026353151.0,2.0953379304e+12,2.0953379304e+12
2020-07-20,'600519,贵州茅台,1636.96,1663.99,1588.88,1652.5,1648.05,-11.09,-0.6729,0.3605,4528033,7363822989.0,2.05634555069e+12,2.05634555069e+12
2020-07-17,'600519,贵州茅台,1648.05,1672.59,1620.0,1620.0,1614.0,34.05,2.1097,0.5246,6590206,10863420089.0,2.07027678429e+12,2.07027678429e+12
2020-07-16,'600519,贵州茅台,1614.0,1729.91,1600.0,1729.91,1752.53,-138.53,-7.9046,0.8139,10224219,16901373196.0,2.0275032492e+12,2.0275032492e+12
2020-07-15,'600519,贵州茅台,1752.53,1782.6,1744.71,1744.88,1762.0,-9.47,-0.5375,0.3241,4071294,7176560649.0,2.20152433043e+12,2.20152433043e+12
2020-07-14,'600519,贵州茅台,1762.0,1782.03,1748.4,1781.99,1781.99,-19.99,-1.1218,0.3669,4609351,8135834910.0,2.2134205236e+12,2.2134205236e+12
2020-07-13,'600519,贵州茅台,1781.99,1787.0,1714.68,1714.68,1713.85,68.14,3.9758,0.4834,6072716,10679460274.0,2.23853191762e+12,2.23853191762e+12
2020-07-10,'600519,贵州茅台,1713.85,1736.6,1688.94,1689.0,1706.0,7.85,0.4601,0.2953,3710044,6352507468.0,2.15293459953e+12,2.15293459953e+12
2020-07-09,'600519,贵州茅台,1706.0,1712.0,1682.0,1691.0,1681.34,24.66,1.4667,0.2789,3503324,5951732803.0,2.1430734468e+12,2.1430734468e+12
2020-07-08,'600519,贵州茅台,1681.34,1719.0,1660.0,1680.0,1688.0,-6.66,-0.3945,0.4233,5316998,8963189092.0,2.11209560905e+12,2.11209560905e+12
2020-07-07,'600519,贵州茅台,1688.0,1744.82,1601.0,1603.09,1600.0,88.0,5.5,0.5307,6666393,11219852098.0,2.1204618864e+12,2.1204618864e+12
2020-07-06,'600519,贵州茅台,1600.0,1616.0,1531.81,1538.0,1541.79,58.21,3.7755,0.4125,5182196,8228068998.0,2.00991648e+12,2.00991648e+12
2020-07-03,'600519,贵州茅台,1541.79,1552.5,1516.88,1550.0,1544.0,-2.21,-0.1431,0.2796,3512581,5395637032.0,1.93679320606e+12,1.93679320606e+12
2020-07-02,'600519,贵州茅台,1544.0,1550.9,1495.0,1499.0,1494.27,49.73,3.328,0.3653,4588372,7014289615.0,1.9395694032e+12,1.9395694032e+12
2020-07-01,'600519,贵州茅台,1494.27,1506.1,1464.02,1468.0,1462.88,31.39,2.1458,0.3079,3868249,5759640251.0,1.87709868661e+12,1.87709868661e+12
2020-06-30,'600519,贵州茅台,1462.88,1468.98,1455.12,1463.12,1463.17,-0.29,-0.0198,0.1787,2244614,3281641199.0,1.83766663766e+12,1.83766663766e+12
2020-06-29,'600519,贵州茅台,1463.17,1466.0,1437.01,1448.0,1460.01,3.16,0.2164,0.2235,2808061,4064048236.0,1.83803093503e+12,1.83803093503e+12
2020-06-24,'600519,XD贵州茅,1460.01,1465.71,1445.0,1463.6,1457.48,2.53,0.1736,0.2001,2513899,3663537115.0,1.83406134998e+12,1.83406134998e+12
2020-06-23,'600519,贵州茅台,1474.5,1482.0,1433.52,1435.0,1439.0,35.5,2.467,0.2701,3393426,4963194685.0,1.8522636561e+12,1.8522636561e+12
2020-06-22,'600519,贵州茅台,1439.0,1443.89,1433.2,1435.1,1439.84,-0.84,-0.0583,0.1851,2324700,3343536637.0,1.8076686342e+12,1.8076686342e+12
2020-06-19,'600519,贵州茅台,1439.84,1445.2,1415.1,1420.0,1413.0,26.84,1.8995,0.3101,3895833,5603232657.0,1.80872384035e+12,1.80872384035e+12
2020-06-18,'600519,贵州茅台,1413.0,1413.2,1400.1,1404.9,1405.0,8.0,0.5694,0.1673,2101041,2956800081.0,1.7750074914e+12,1.7750074914e+12
2020-06-17,'600519,贵州茅台,1405.0,1411.9,1395.02,1411.86,1403.88,1.12,0.0798,0.1549,1945307,2730097120.0,1.764957909e+12,1.764957909e+12
2020-06-16,'600519,贵州茅台,1403.88,1414.0,1393.13,1398.5,1383.0,20.88,1.5098,0.2325,2920664,4099718932.0,1.76355096746e+12,1.76355096746e+12
2020-06-15,'600519,贵州茅台,1383.0,1411.6,1381.0,1402.0,1416.37,-33.37,-2.356,0.2756,3461541,4819512189.0,1.7373215574e+12,1.7373215574e+12
2020-06-12,'600519,贵州茅台,1416.37,1416.37,1383.31,1387.17,1400.46,15.91,1.1361,0.2263,2842742,3992323389.0,1.77924087799e+12,1.77924087799e+12
2020-06-11,'600519,贵州茅台,1400.46,1417.99,1396.99,1411.01,1423.66,-23.2,-1.6296,0.2445,3071171,4314846228.0,1.75925477099e+12,1.75925477099e+12
2020-06-10,'600519,贵州茅台,1423.66,1433.33,1417.0,1425.0,1416.55,7.11,0.5019,0.1807,2270074,3234843851.0,1.78839855995e+12,1.78839855995e+12
2020-06-09,'600519,贵州茅台,1416.55,1425.0,1400.68,1408.0,1406.1,10.45,0.7432,0.18,2261191,3199849660.0,1.77946699359e+12,1.77946699359e+12
2020-06-08,'600519,贵州茅台,1406.1,1435.0,1402.01,1425.0,1425.0,-18.9,-1.3263,0.2332,2930045,4145298455.0,1.76633972658e+12,1.76633972658e+12
2020-06-05,'600519,贵州茅台,1425.0,1428.88,1401.08,1405.25,1407.99,17.01,1.2081,0.1461,1834706,2597524609.0,1.790081865e+12,1.790081865e+12
2020-06-04,'600519,贵州茅台,1407.99,1411.0,1396.0,1396.0,1399.3,8.69,0.621,0.1436,1803741,2534459742.0,1.76871394042e+12,1.76871394042e+12
2020-06-03,'600519,贵州茅台,1399.3,1417.5,1395.77,1415.0,1410.71,-11.41,-0.8088,0.1875,2355736,3308382799.0,1.75779758154e+12,1.75779758154e+12
2020-06-02,'600519,贵州茅台,1410.71,1427.9,1406.66,1416.01,1419.5,-8.79,-0.6192,0.2067,2596010,3679210598.0,1.77213079844e+12,1.77213079844e+12
2020-06-01,'600519,贵州茅台,1419.5,1420.1,1381.0,1381.0,1366.6,52.9,3.8709,0.2824,3547976,4986178912.0,1.7831727771e+12,1.7831727771e+12
2020-05-29,'600519,贵州茅台,1366.6,1369.98,1332.1,1332.1,1344.0,22.6,1.6815,0.2424,3044435,4144247222.0,1.71671991348e+12,1.71671991348e+12
2020-05-28,'600519,贵州茅台,1344.0,1346.94,1321.13,1337.97,1338.0,6.0,0.4484,0.2108,2648591,3536546893.0,1.6883298432e+12,1.6883298432e+12
2020-05-27,'600519,贵州茅台,1338.0,1360.0,1333.0,1359.0,1358.0,-20.0,-1.4728,0.2132,2677741,3596654307.0,1.6807926564e+12,1.6807926564e+12
2020-05-26,'600519,贵州茅台,1358.0,1369.95,1355.0,1369.88,1362.9,-4.9,-0.3595,0.1789,2247019,3056188321.0,1.7059166124e+12,1.7059166124e+12
2020-05-25,'600519,贵州茅台,1362.9,1366.58,1321.0,1330.0,1328.2,34.7,2.6126,0.2512,3156100,4260387678.0,1.71207198162e+12,1.71207198162e+12
2020-05-22,'600519,贵州茅台,1328.2,1366.1,1322.88,1366.0,1366.1,-37.9,-2.7743,0.2741,3442746,4608696074.0,1.66848191796e+12,1.66848191796e+12
2020-05-21,'600519,贵州茅台,1366.1,1371.96,1352.86,1355.0,1351.0,15.1,1.1177,0.1835,2305158,3147105462.0,1.71609181458e+12,1.71609181458e+12
2020-05-20,'600519,贵州茅台,1351.0,1359.18,1336.81,1346.11,1346.11,4.89,0.3633,0.1686,2118340,2859455106.0,1.6971232278e+12,1.6971232278e+12
2020-05-19,'600519,贵州茅台,1346.11,1364.0,1338.0,1364.0,1346.21,-0.1,-0.0074,0.1973,2478746,3342210487.0,1.69098042056e+12,1.69098042056e+12
2020-05-18,'600519,贵州茅台,1346.21,1351.5,1305.13,1306.0,1313.0,33.21,2.5293,0.2735,3436211,4587989708.0,1.69110604034e+12,1.69110604034e+12
2020-05-15,'600519,贵州茅台,1313.0,1333.5,1301.88,1329.0,1326.59,-13.59,-1.0244,0.2101,2639808,3469736812.0,1.6493877114e+12,1.6493877114e+12
2020-05-14,'600519,贵州茅台,1326.59,1334.88,1325.11,1330.0,1335.95,-9.36,-0.7006,0.1479,1857492,2467976357.0,1.6664594395e+12,1.6664594395e+12
2020-05-13,'600519,贵州茅台,1335.95,1337.99,1322.88,1333.0,1333.0,2.95,0.2213,0.1752,2201431,2931464950.0,1.67821745091e+12,1.67821745091e+12
2020-05-12,'600519,贵州茅台,1333.0,1334.99,1316.0,1318.0,1323.01,9.99,0.7551,0.157,1972181,2621824685.0,1.6745116674e+12,1.6745116674e+12
2020-05-11,'600519,贵州茅台,1323.01,1335.0,1313.67,1320.0,1314.61,8.4,0.639,0.1884,2367119,3135990964.0,1.66196225138e+12,1.66196225138e+12
2020-05-08,'600519,贵州茅台,1314.61,1338.0,1308.51,1317.0,1312.0,2.61,0.1989,0.2315,2907868,3839218026.0,1.65141018986e+12,1.65141018986e+12
2020-05-07,'600519,贵州茅台,1312.0,1314.99,1293.0,1299.4,1300.0,12.0,0.9231,0.2224,2793474,3647628296.0,1.6481315136e+12,1.6481315136e+12
2020-05-06,'600519,贵州茅台,1300.0,1300.0,1250.0,1251.0,1265.7,34.3,2.71,0.2853,3583481,4598589768.0,1.63305714e+12,1.63305714e+12
2020-04-30,'600519,贵州茅台,1265.7,1285.01,1258.88,1271.0,1274.9,-9.2,-0.7216,0.1963,2466087,3134408881.0,1.58996955546e+12,1.58996955546e+12
2020-04-29,'600519,贵州茅台,1274.9,1288.1,1258.0,1277.8,1279.13,-4.23,-0.3307,0.1866,2344406,2976724957.0,1.60152657522e+12,1.60152657522e+12
2020-04-28,'600519,贵州茅台,1279.13,1299.94,1271.88,1285.31,1276.0,3.13,0.2453,0.2759,3466190,4458549425.0,1.60684029191e+12,1.60684029191e+12
2020-04-27,'600519,贵州茅台,1276.0,1278.17,1250.96,1257.0,1250.56,25.44,2.0343,0.2062,2590391,3284513346.0,1.6029083928e+12,1.6029083928e+12
2020-04-24,'600519,贵州茅台,1250.56,1259.89,1235.18,1248.0,1252.26,-1.7,-0.1358,0.1522,1912240,2390444036.0,1.57095072077e+12,1.57095072077e+12
2020-04-23,'600519,贵州茅台,1252.26,1265.68,1247.77,1250.0,1244.5,7.76,0.6235,0.2141,2689851,3377042463.0,1.57308625703e+12,1.57308625703e+12
2020-04-22,'600519,贵州茅台,1244.5,1249.5,1202.22,1206.0,1200.0,44.5,3.7083,0.3505,4403473,5430377598.0,1.5633381621e+12,1.5633381621e+12
2020-04-21,'600519,贵州茅台,1200.0,1223.99,1193.0,1221.02,1227.3,-27.3,-2.2244,0.2326,2922422,3517018487.0,1.50743736e+12,1.50743736e+12
2020-04-20,'600519,贵州茅台,1227.3,1231.5,1216.8,1221.0,1226.0,1.3,0.106,0.193,2423864,2963483323.0,1.54173155994e+12,1.54173155994e+12
2020-04-17,'600519,贵州茅台,1226.0,1234.56,1205.01,1210.0,1197.1,28.9,2.4142,0.3045,3824569,4676618151.0,1.5400985028e+12,1.5400985028e+12
2020-04-16,'600519,贵州茅台,1197.1,1197.1,1184.1,1192.97,1189.6,7.5,0.6305,0.173,2172774,2588431844.0,1.50379438638e+12,1.50379438638e+12
2020-04-15,'600519,贵州茅台,1189.6,1203.99,1187.1,1192.0,1185.1,4.5,0.3797,0.2335,2933229,3501318260.0,1.49437290288e+12,1.49437290288e+12
2020-04-14,'600519,贵州茅台,1185.1,1191.55,1166.0,1176.0,1162.3,22.8,1.9616,0.2929,3679955,4340858665.0,1.48872001278e+12,1.48872001278e+12
2020-04-13,'600519,贵州茅台,1162.3,1169.98,1148.5,1165.0,1165.0,-2.7,-0.2318,0.1272,1598147,1854563731.0,1.46007870294e+12,1.46007870294e+12
2020-04-10,'600519,贵州茅台,1165.0,1181.5,1153.5,1157.88,1158.5,6.5,0.5611,0.2213,2780434,3252600672.0,1.463470437e+12,1.463470437e+12
2020-04-09,'600519,贵州茅台,1158.5,1169.0,1147.96,1166.0,1159.76,-1.26,-0.1086,0.1816,2281697,2640230492.0,1.4553051513e+12,1.4553051513e+12
2020-04-08,'600519,贵州茅台,1159.76,1166.31,1152.0,1152.0,1159.95,-0.19,-0.0164,0.1928,2422442,2809422100.0,1.45688796053e+12,1.45688796053e+12
2020-04-07,'600519,贵州茅台,1159.95,1166.5,1148.89,1161.95,1139.79,20.16,1.7687,0.3462,4348800,5041525481.0,1.45712663811e+12,1.45712663811e+12
2020-04-03,'600519,贵州茅台,1139.79,1147.96,1131.98,1139.03,1145.0,-5.21,-0.455,0.2199,2761761,3148421866.0,1.43180169046e+12,1.43180169046e+12
2020-04-02,'600519,贵州茅台,1145.0,1145.0,1103.88,1104.0,1103.0,42.0,3.8078,0.3599,4520561,5095167594.0,1.438346481e+12,1.438346481e+12
2020-04-01,'600519,贵州茅台,1103.0,1129.0,1103.0,1117.0,1111.0,-8.0,-0.7201,0.2643,3320535,3700184247.0,1.3855861734e+12,1.3855861734e+12
2020-03-31,'600519,贵州茅台,1111.0,1115.0,1081.8,1082.0,1072.0,39.0,3.6381,0.382,4798437,5293170703.0,1.3956357558e+12,1.3956357558e+12
2020-03-30,'600519,贵州茅台,1072.0,1077.0,1057.0,1060.25,1075.5,-3.5,-0.3254,0.2443,3068741,3279823025.0,1.3466440416e+12,1.3466440416e+12
2020-03-27,'600519,贵州茅台,1075.5,1092.0,1075.01,1085.0,1064.92,10.58,0.9935,0.2887,3626112,3931759353.0,1.3510407339e+12,1.3510407339e+12
2020-03-26,'600519,贵州茅台,1064.92,1091.2,1062.0,1073.33,1080.1,-15.18,-1.4054,0.2392,3004856,3231754298.0,1.33775016118e+12,1.33775016118e+12
2020-03-25,'600519,贵州茅台,1080.1,1091.36,1074.2,1087.98,1056.0,24.1,2.2822,0.2949,3704866,4015061222.0,1.35681924378e+12,1.35681924378e+12
2020-03-24,'600519,贵州茅台,1056.0,1058.88,1035.0,1043.0,1019.0,37.0,3.631,0.3714,4665096,4900364144.0,1.3265448768e+12,1.3265448768e+12
2020-03-23,'600519,贵州茅台,1019.0,1035.28,991.52,1000.0,1035.28,-16.28,-1.5725,0.3859,4847210,4918121944.0,1.2800655582e+12,1.2800655582e+12
2020-03-20,'600519,贵州茅台,1035.28,1043.0,1011.0,1011.0,996.0,39.28,3.9438,0.4787,6013919,6169094444.0,1.30051645838e+12,1.30051645838e+12
2020-03-19,'600519,贵州茅台,996.0,1015.0,960.1,993.99,1007.99,-11.99,-1.1895,0.8141,10226507,10075880470.0,1.2511730088e+12,1.2511730088e+12
2020-03-18,'600519,贵州茅台,1007.99,1060.0,1007.99,1040.0,1045.1,-37.11,-3.5509,0.5848,7345988,7582762547.0,1.26623482042e+12,1.26623482042e+12
2020-03-17,'600519,贵州茅台,1045.1,1078.0,1011.12,1055.0,1067.0,-21.9,-2.0525,0.6317,7935912,8277472787.0,1.31285232078e+12,1.31285232078e+12
2020-03-16,'600519,贵州茅台,1067.0,1107.95,1062.0,1103.98,1112.03,-45.03,-4.0494,0.4078,5123254,5548946745.0,1.3403630526e+12,1.3403630526e+12
2020-03-13,'600519,贵州茅台,1112.03,1128.98,1080.0,1090.0,1138.5,-26.47,-2.325,0.6041,7588531,8348496480.0,1.39692963953e+12,1.39692963953e+12
2020-03-12,'600519,贵州茅台,1138.5,1153.0,1125.1,1141.22,1158.52,-20.02,-1.7281,0.2916,3663063,4172606105.0,1.4301811953e+12,1.4301811953e+12
2020-03-11,'600519,贵州茅台,1158.52,1169.58,1141.0,1155.5,1156.0,2.52,0.218,0.283,3554757,4124607952.0,1.45533027526e+12,1.45533027526e+12
2020-03-10,'600519,贵州茅台,1156.0,1168.0,1113.0,1113.0,1114.01,41.99,3.7693,0.4622,5806293,6635936156.0,1.4521646568e+12,1.4521646568e+12
2020-03-09,'600519,贵州茅台,1114.01,1135.0,1111.31,1135.0,1155.5,-41.49,-3.5907,0.3455,4340409,4865288500.0,1.39941691118e+12,1.39941691118e+12
2020-03-06,'600519,贵州茅台,1155.5,1176.0,1151.98,1163.0,1171.0,-15.5,-1.3237,0.2439,3064100,3553622358.0,1.4515365579e+12,1.4515365579e+12
2020-03-05,'600519,贵州茅台,1171.0,1174.99,1130.56,1136.31,1128.92,42.08,3.7275,0.4969,6242645,7210485104.0,1.4710076238e+12,1.4710076238e+12
2020-03-04,'600519,贵州茅台,1128.92,1139.0,1116.24,1125.0,1113.0,15.92,1.4304,0.4282,5379299,6080149243.0,1.41814682038e+12,1.41814682038e+12
2020-03-03,'600519,贵州茅台,1113.0,1118.88,1098.0,1098.0,1086.01,26.99,2.4852,0.4,5025015,5585227657.0,1.3981481514e+12,1.3981481514e+12
2020-03-02,'600519,贵州茅台,1086.01,1096.55,1050.01,1050.11,1057.0,29.01,2.7446,0.3794,4766304,5154329159.0,1.36424337278e+12,1.36424337278e+12
2020-02-28,'600519,贵州茅台,1057.0,1082.0,1049.97,1070.3,1087.39,-30.39,-2.7948,0.3976,4994657,5307929213.0,1.3278010746e+12,1.3278010746e+12
2020-02-27,'600519,贵州茅台,1087.39,1094.99,1076.0,1076.0,1073.7,13.69,1.275,0.2746,3449829,3758783810.0,1.36597692574e+12,1.36597692574e+12
2020-02-26,'600519,贵州茅台,1073.7,1084.0,1055.0,1062.0,1074.81,-1.11,-0.1033,0.3468,4356097,4663278433.0,1.34877957786e+12,1.34877957786e+12
2020-02-25,'600519,贵州茅台,1074.81,1082.09,1067.88,1078.0,1087.18,-12.37,-1.1378,0.3056,3838562,4127432130.0,1.35017395742e+12,1.35017395742e+12
2020-02-24,'600519,贵州茅台,1087.18,1110.0,1085.5,1105.5,1112.88,-25.7,-2.3093,0.3077,3865036,4221857466.0,1.3657131242e+12,1.3657131242e+12
2020-02-21,'600519,贵州茅台,1112.88,1123.54,1110.01,1111.46,1118.0,-5.12,-0.458,0.2304,2894008,3225337160.0,1.39799740766e+12,1.39799740766e+12
2020-02-20,'600519,贵州茅台,1118.0,1124.0,1095.41,1096.7,1096.5,21.5,1.9608,0.3726,4680262,5220660940.0,1.4044291404e+12,1.4044291404e+12
2020-02-19,'600519,贵州茅台,1096.5,1101.5,1078.0,1085.0,1084.0,12.5,1.1531,0.2949,3705147,4052365602.0,1.3774208877e+12,1.3774208877e+12
2020-02-18,'600519,贵州茅台,1084.0,1096.88,1083.0,1090.01,1093.82,-9.82,-0.8978,0.2123,2666496,2897729692.0,1.3617184152e+12,1.3617184152e+12
2020-02-17,'600519,贵州茅台,1093.82,1096.19,1082.4,1082.5,1088.0,5.82,0.5349,0.2152,2702822,2946182657.0,1.3740542776e+12,1.3740542776e+12
2020-02-14,'600519,贵州茅台,1088.0,1093.51,1083.11,1090.45,1091.0,-3.0,-0.275,0.1854,2328760,2534568401.0,1.3667432064e+12,1.3667432064e+12
2020-02-13,'600519,贵州茅台,1091.0,1113.89,1088.01,1098.0,1097.27,-6.27,-0.5714,0.2417,3035736,3335277425.0,1.3705117998e+12,1.3705117998e+12
2020-02-12,'600519,贵州茅台,1097.27,1098.79,1085.88,1089.0,1098.0,-0.73,-0.0665,0.2239,2812543,3072293973.0,1.37838816001e+12,1.37838816001e+12
2020-02-11,'600519,贵州茅台,1098.0,1099.68,1062.8,1063.0,1066.49,31.51,2.9546,0.3815,4791793,5222918915.0,1.3793051844e+12,1.3793051844e+12
2020-02-10,'600519,贵州茅台,1066.49,1074.6,1057.2,1062.0,1076.0,-9.51,-0.8838,0.2431,3053342,3251908506.0,1.33972239172e+12,1.33972239172e+12
2020-02-07,'600519,贵州茅台,1076.0,1077.0,1061.02,1070.01,1071.0,5.0,0.4669,0.249,3127871,3348894576.0,1.3516688328e+12,1.3516688328e+12
2020-02-06,'600519,贵州茅台,1071.0,1075.0,1052.02,1059.43,1049.99,21.01,2.001,0.3755,4717121,5011246407.0,1.3453878438e+12,1.3453878438e+12
2020-02-05,'600519,贵州茅台,1049.99,1054.0,1033.03,1050.0,1038.01,11.98,1.1541,0.3775,4741824,4956355235.0,1.31899512802e+12,1.31899512802e+12
2020-02-04,'600519,贵州茅台,1038.01,1057.0,1011.01,1015.0,1003.92,34.09,3.3957,0.4985,6262418,6490469043.0,1.30394587838e+12,1.30394587838e+12
2020-02-03,'600519,贵州茅台,1003.92,1010.68,980.0,985.0,1052.8,-48.88,-4.6429,0.9827,12344288,12314991759.0,1.26112209538e+12,1.26112209538e+12
2020-01-23,'600519,贵州茅台,1052.8,1076.0,1037.0,1076.0,1075.51,-22.71,-2.1116,0.4256,5346843,5638945742.0,1.32252504384e+12,1.32252504384e+12
2020-01-22,'600519,贵州茅台,1075.51,1084.0,1055.38,1070.0,1075.3,0.21,0.0195,0.2882,3620004,3875275065.0,1.35105329588e+12,1.35105329588e+12
2020-01-21,'600519,贵州茅台,1075.3,1087.0,1072.3,1081.0,1091.0,-15.7,-1.439,0.2617,3287405,3542441308.0,1.35078949434e+12,1.35078949434e+12
2020-01-20,'600519,贵州茅台,1091.0,1111.86,1082.0,1111.86,1107.5,-16.5,-1.4898,0.2817,3539130,3858246844.0,1.3705117998e+12,1.3705117998e+12
2020-01-17,'600519,贵州茅台,1107.5,1112.78,1101.01,1110.0,1107.0,0.5,0.0452,0.1869,2347275,2599645144.0,1.3912390635e+12,1.3912390635e+12
2020-01-16,'600519,贵州茅台,1107.0,1118.87,1102.58,1118.87,1112.13,-5.13,-0.4613,0.1846,2319165,2571593141.0,1.3906109646e+12,1.3906109646e+12
2020-01-15,'600519,贵州茅台,1112.13,1121.6,1105.0,1109.01,1107.4,4.73,0.4271,0.2072,2602911,2895603674.0,1.39705525931e+12,1.39705525931e+12
2020-01-14,'600519,贵州茅台,1107.4,1124.89,1103.0,1124.2,1124.27,-16.87,-1.5005,0.2798,3514465,3916300790.0,1.39111344372e+12,1.39111344372e+12
2020-01-13,'600519,贵州茅台,1124.27,1129.2,1112.0,1112.5,1112.5,11.77,1.058,0.3066,3851575,4325687959.0,1.41230550061e+12,1.41230550061e+12
2020-01-10,'600519,贵州茅台,1112.5,1115.99,1102.5,1109.0,1102.7,9.8,0.8887,0.2864,3597587,3993457118.0,1.3975200525e+12,1.3975200525e+12
2020-01-09,'600519,贵州茅台,1102.7,1105.39,1090.0,1094.0,1088.14,14.56,1.3381,0.2978,3740587,4110949814.0,1.38520931406e+12,1.38520931406e+12
2020-01-08,'600519,贵州茅台,1088.14,1095.5,1082.58,1085.05,1094.53,-6.39,-0.5838,0.1991,2500825,2720371915.0,1.36691907409e+12,1.36691907409e+12
2020-01-07,'600519,贵州茅台,1094.53,1099.0,1076.4,1077.5,1077.99,16.54,1.5343,0.3809,4785359,5220697068.0,1.37494617803e+12,1.37494617803e+12
2020-01-06,'600519,贵州茅台,1077.99,1092.9,1067.3,1070.86,1078.56,-0.57,-0.0528,0.5048,6341478,6853917601.0,1.35416866642e+12,1.35416866642e+12
2020-01-03,'600519,贵州茅台,1078.56,1117.0,1076.9,1117.0,1130.0,-51.44,-4.5522,1.0374,13031878,14266380596.0,1.35488469917e+12,1.35488469917e+12
2020-01-02,'600519,贵州茅台,1130.0,1145.06,1116.0,1128.0,1183.0,-53.0,-4.4801,1.1789,14809916,16696837095.0,1.419503514e+12,1.419503514e+12
2019-12-31,'600519,贵州茅台,1183.0,1188.0,1176.51,1183.0,1185.8,-2.8,-0.2361,0.1798,2258881,2666705100.0,1.4860819974e+12,1.4860819974e+12
2019-12-30,'600519,贵州茅台,1185.8,1195.5,1170.2,1170.2,1163.0,22.8,1.9604,0.3245,4076066,4827682057.0,1.48959935124e+12,1.48959935124e+12
2019-12-27,'600519,贵州茅台,1163.0,1172.0,1150.0,1150.0,1135.1,27.9,2.4579,0.3747,4706628,5486452901.0,1.4609580414e+12,1.4609580414e+12
2019-12-26,'600519,贵州茅台,1135.1,1141.98,1119.99,1132.0,1133.7,1.4,0.1235,0.1821,2287727,2585996501.0,1.42591012278e+12,1.42591012278e+12
2019-12-25,'600519,贵州茅台,1133.7,1143.0,1130.01,1143.0,1148.0,-14.3,-1.2456,0.1935,2430597,2755735164.0,1.42415144586e+12,1.42415144586e+12
2019-12-24,'600519,贵州茅台,1148.0,1155.0,1145.0,1153.0,1149.3,-1.3,-0.1131,0.0941,1182310,1358536199.0,1.4421150744e+12,1.4421150744e+12
2019-12-23,'600519,贵州茅台,1149.3,1162.5,1136.0,1139.0,1146.3,3.0,0.2617,0.2063,2591918,2981937538.0,1.44374813154e+12,1.44374813154e+12
2019-12-20,'600519,贵州茅台,1146.3,1162.18,1141.5,1162.18,1157.4,-11.1,-0.959,0.1876,2356384,2703612358.0,1.43997953814e+12,1.43997953814e+12
2019-12-19,'600519,贵州茅台,1157.4,1163.0,1152.0,1163.0,1168.0,-10.6,-0.9075,0.1556,1955230,2262598597.0,1.45392333372e+12,1.45392333372e+12
2019-12-18,'600519,贵州茅台,1168.0,1175.2,1164.0,1174.0,1169.98,-1.98,-0.1692,0.1563,1964009,2295963803.0,1.4672390304e+12,1.4672390304e+12
2019-12-17,'600519,贵州茅台,1169.98,1173.6,1143.03,1149.7,1147.92,22.06,1.9217,0.3393,4261696,4937041950.0,1.46972630204e+12,1.46972630204e+12
2019-12-16,'600519,贵州茅台,1147.92,1163.0,1137.94,1163.0,1163.0,-15.08,-1.2966,0.2463,3093642,3554133640.0,1.44201457858e+12,1.44201457858e+12
2019-12-13,'600519,贵州茅台,1163.0,1165.0,1146.0,1146.0,1137.0,26.0,2.2867,0.2388,3000059,3473927971.0,1.4609580414e+12,1.4609580414e+12
2019-12-12,'600519,贵州茅台,1137.0,1159.94,1130.08,1156.0,1158.98,-21.98,-1.8965,0.2341,2940916,3362699683.0,1.4282968986e+12,1.4282968986e+12
2019-12-11,'600519,贵州茅台,1158.98,1170.75,1155.55,1168.0,1164.4,-5.42,-0.4655,0.116,1456799,1689987674.0,1.45590812624e+12,1.45590812624e+12
2019-12-10,'600519,贵州茅台,1164.4,1165.0,1151.0,1159.6,1158.7,5.7,0.4919,0.1201,1508658,1749356289.0,1.46271671832e+12,1.46271671832e+12
2019-12-09,'600519,贵州茅台,1158.7,1176.0,1156.1,1175.0,1170.0,-11.3,-0.9658,0.1737,2182412,2543532527.0,1.45555639086e+12,1.45555639086e+12
2019-12-06,'600519,贵州茅台,1170.0,1170.0,1130.1,1135.97,1129.8,40.2,3.5582,0.3145,3950626,4565643688.0,1.469751426e+12,1.469751426e+12
2019-12-05,'600519,贵州茅台,1129.8,1132.01,1118.0,1125.0,1122.33,7.47,0.6656,0.1699,2133879,2402503470.0,1.41925227444e+12,1.41925227444e+12
2019-12-04,'600519,贵州茅台,1122.33,1144.66,1118.0,1140.0,1118.0,4.33,0.3873,0.2809,3528308,3980511004.0,1.40986847687e+12,1.40986847687e+12
2019-12-03,'600519,贵州茅台,1118.0,1133.0,1117.74,1133.0,1133.0,-15.0,-1.3239,0.2176,2734093,3066695648.0,1.4044291404e+12,1.4044291404e+12
2019-12-02,'600519,贵州茅台,1133.0,1140.02,1118.2,1118.2,1129.0,4.0,0.3543,0.2451,3078441,3479717421.0,1.4232721074e+12,1.4232721074e+12
2019-11-29,'600519,贵州茅台,1129.0,1165.5,1112.89,1165.5,1175.8,-46.8,-3.9803,0.6559,8239732,9338326554.0,1.4182473162e+12,1.4182473162e+12
2019-11-28,'600519,贵州茅台,1175.8,1197.51,1169.02,1194.97,1189.95,-14.15,-1.1891,0.2296,2884499,3405325549.0,1.47703737324e+12,1.47703737324e+12
2019-11-27,'600519,贵州茅台,1189.95,1196.62,1184.51,1192.8,1185.0,4.95,0.4177,0.158,1984881,2363839726.0,1.49481257211e+12,1.49481257211e+12
2019-11-26,'600519,贵州茅台,1185.0,1198.6,1183.0,1186.68,1182.06,2.94,0.2487,0.3203,4023961,4794179893.0,1.488594393e+12,1.488594393e+12
2019-11-25,'600519,贵州茅台,1182.06,1194.0,1172.06,1188.05,1194.0,-11.94,-1.0,0.3047,3828175,4518778939.0,1.48490117147e+12,1.48490117147e+12
2019-11-22,'600519,贵州茅台,1194.0,1229.0,1185.0,1223.0,1231.3,-37.3,-3.0293,0.3746,4705428,5677646465.0,1.4999001732e+12,1.4999001732e+12
2019-11-21,'600519,贵州茅台,1231.3,1235.51,1221.06,1231.0,1233.75,-2.45,-0.1986,0.1527,1918739,2356277766.0,1.54675635114e+12,1.54675635114e+12
2019-11-20,'600519,贵州茅台,1233.75,1239.51,1228.06,1230.0,1232.32,1.43,0.116,0.1216,1528053,1884957278.0,1.54983403575e+12,1.54983403575e+12
2019-11-19,'600519,贵州茅台,1232.32,1241.61,1225.02,1228.0,1227.28,5.04,0.4107,0.1642,2062375,2542105913.0,1.5480376729e+12,1.5480376729e+12
2019-11-18,'600519,贵州茅台,1227.28,1229.45,1218.0,1225.12,1224.9,2.38,0.1943,0.1436,1803766,2204546132.0,1.54170643598e+12,1.54170643598e+12
2019-11-15,'600519,贵州茅台,1224.9,1232.91,1221.5,1230.0,1230.0,-5.1,-0.4146,0.1301,1634072,2003665313.0,1.53871668522e+12,1.53871668522e+12
2019-11-14,'600519,贵州茅台,1230.0,1240.0,1222.0,1227.0,1224.0,6.0,0.4902,0.1872,2352112,2898399700.0,1.545123294e+12,1.545123294e+12
2019-11-13,'600519,贵州茅台,1224.0,1227.8,1200.0,1207.0,1201.6,22.4,1.8642,0.2546,3197704,3890666569.0,1.5375861072e+12,1.5375861072e+12
2019-11-12,'600519,贵州茅台,1201.6,1209.6,1198.21,1204.0,1199.0,2.6,0.2168,0.1524,1915055,2303205539.0,1.50944727648e+12,1.50944727648e+12
2019-11-11,'600519,贵州茅台,1199.0,1206.2,1193.51,1201.5,1205.0,-6.0,-0.4979,0.1381,1734246,2082060830.0,1.5061811622e+12,1.5061811622e+12
2019-11-08,'600519,贵州茅台,1205.0,1215.65,1201.51,1205.0,1201.37,3.63,0.3022,0.1951,2451211,2964133776.0,1.513718349e+12,1.513718349e+12
2019-11-07,'600519,贵州茅台,1201.37,1201.88,1189.0,1196.51,1193.0,8.37,0.7016,0.1287,1616788,1933203877.0,1.50915835099e+12,1.50915835099e+12
2019-11-06,'600519,贵州茅台,1193.0,1204.0,1188.88,1197.0,1199.0,-6.0,-0.5004,0.1571,1973751,2362005422.0,1.4986439754e+12,1.4986439754e+12
2019-11-05,'600519,贵州茅台,1199.0,1205.0,1192.0,1199.5,1199.59,-0.59,-0.0492,0.1772,2225472,2667596023.0,1.5061811622e+12,1.5061811622e+12
2019-11-04,'600519,贵州茅台,1199.59,1209.99,1189.0,1190.0,1185.0,14.59,1.2312,0.2128,2673798,3209264033.0,1.5069223189e+12,1.5069223189e+12
2019-11-01,'600519,贵州茅台,1185.0,1191.95,1172.5,1181.0,1180.01,4.99,0.4229,0.1816,2281196,2697638375.0,1.488594393e+12,1.488594393e+12
2019-10-31,'600519,贵州茅台,1180.01,1198.0,1176.15,1196.0,1183.8,-3.79,-0.3202,0.2063,2590927,3068884874.0,1.48232596598e+12,1.48232596598e+12
2019-10-30,'600519,贵州茅台,1183.8,1192.7,1176.0,1190.0,1193.0,-9.2,-0.7712,0.1692,2125475,2516524166.0,1.48708695564e+12,1.48708695564e+12
2019-10-29,'600519,贵州茅台,1193.0,1199.96,1177.77,1181.11,1178.29,14.71,1.2484,0.2213,2780371,3314271728.0,1.4986439754e+12,1.4986439754e+12
2019-10-28,'600519,贵州茅台,1178.29,1181.01,1165.0,1166.01,1171.35,6.94,0.5925,0.179,2248599,2644563044.0,1.48016530576e+12,1.48016530576e+12
2019-10-25,'600519,贵州茅台,1171.35,1172.5,1143.03,1153.3,1150.27,21.08,1.8326,0.207,2599845,3015928985.0,1.47144729303e+12,1.47144729303e+12
2019-10-24,'600519,贵州茅台,1150.27,1166.0,1147.16,1164.95,1158.91,-8.64,-0.7455,0.2084,2617844,3025245582.0,1.44496664341e+12,1.44496664341e+12
2019-10-23,'600519,贵州茅台,1158.91,1178.0,1156.11,1168.0,1170.8,-11.89,-1.0155,0.1837,2308021,2684922174.0,1.4558201924e+12,1.4558201924e+12
2019-10-22,'600519,贵州茅台,1170.8,1181.5,1163.89,1178.0,1168.5,2.3,0.1968,0.1537,1930943,2262188262.0,1.47075638424e+12,1.47075638424e+12
2019-10-21,'600519,贵州茅台,1168.5,1178.9,1163.3,1171.86,1175.79,-7.29,-0.62,0.2012,2527467,2955023935.0,1.4678671293e+12,1.4678671293e+12
2019-10-18,'600519,贵州茅台,1175.79,1189.99,1171.69,1179.0,1183.33,-7.54,-0.6372,0.2252,2829161,3335011086.0,1.47702481126e+12,1.47702481126e+12
2019-10-17,'600519,贵州茅台,1183.33,1186.66,1162.5,1176.0,1170.0,13.33,1.1393,0.2429,3050870,3578144114.0,1.48649654267e+12,1.48649654267e+12
2019-10-16,'600519,贵州茅台,1170.0,1187.5,1160.0,1168.0,1211.0,-41.0,-3.3856,0.4709,5915059,6935972684.0,1.469751426e+12,1.469751426e+12
2019-10-15,'600519,贵州茅台,1211.0,1215.68,1177.03,1180.0,1180.0,31.0,2.6271,0.3187,4003473,4806856333.0,1.5212555358e+12,1.5212555358e+12
2019-10-14,'600519,贵州茅台,1180.0,1187.66,1170.0,1186.0,1174.6,5.4,0.4597,0.2164,2718751,3209362988.0,1.482313404e+12,1.482313404e+12
2019-10-11,'600519,贵州茅台,1174.6,1175.0,1152.21,1157.0,1155.0,19.6,1.697,0.2284,2868925,3343559812.0,1.47552993588e+12,1.47552993588e+12
2019-10-10,'600519,贵州茅台,1155.0,1158.93,1109.02,1127.0,1146.81,8.19,0.7142,0.3278,4117370,4685560483.0,1.450908459e+12,1.450908459e+12
2019-10-09,'600519,贵州茅台,1146.81,1166.2,1135.05,1166.2,1167.1,-20.29,-1.7385,0.2849,3578857,4105282379.0,1.44062019902e+12,1.44062019902e+12
2019-10-08,'600519,贵州茅台,1167.1,1180.0,1152.01,1153.0,1150.0,17.1,1.487,0.2471,3104527,3631091491.0,1.46610845238e+12,1.46610845238e+12
2019-09-30,'600519,贵州茅台,1150.0,1169.43,1150.0,1163.0,1174.75,-24.75,-2.1068,0.2454,3082514,3565988675.0,1.44462747e+12,1.44462747e+12
2019-09-27,'600519,贵州茅台,1174.75,1183.0,1153.0,1164.0,1167.0,7.75,0.6641,0.1817,2282661,2671754323.0,1.47571836555e+12,1.47571836555e+12
2019-09-26,'600519,贵州茅台,1167.0,1183.35,1158.81,1174.94,1174.0,-7.0,-0.5963,0.2076,2608194,3050478322.0,1.4659828326e+12,1.4659828326e+12
2019-09-25,'600519,贵州茅台,1174.0,1188.87,1170.5,1180.0,1184.0,-10.0,-0.8446,0.1912,2402458,2832308420.0,1.4747762172e+12,1.4747762172e+12
2019-09-24,'600519,贵州茅台,1184.0,1184.9,1152.0,1155.0,1149.0,35.0,3.0461,0.2887,3626913,4259833998.0,1.4873381952e+12,1.4873381952e+12
2019-09-23,'600519,贵州茅台,1149.0,1157.0,1131.0,1157.0,1157.42,-8.42,-0.7275,0.239,3002633,3431058973.0,1.4433712722e+12,1.4433712722e+12
2019-09-20,'600519,贵州茅台,1157.42,1160.0,1147.59,1151.0,1145.0,12.42,1.0847,0.2995,3762666,4346138244.0,1.45394845768e+12,1.45394845768e+12
2019-09-19,'600519,贵州茅台,1145.0,1150.0,1137.1,1148.0,1148.9,-3.9,-0.3395,0.1949,2447980,2800064436.0,1.438346481e+12,1.438346481e+12
2019-09-18,'600519,贵州茅台,1148.9,1150.0,1108.18,1108.5,1094.01,54.89,5.0173,0.5518,6931447,7899560194.0,1.44324565242e+12,1.44324565242e+12
2019-09-17,'600519,贵州茅台,1094.01,1106.66,1087.0,1094.0,1099.0,-4.99,-0.454,0.2006,2519693,2767385769.0,1.37429295518e+12,1.37429295518e+12
2019-09-16,'600519,贵州茅台,1099.0,1103.95,1083.0,1083.0,1099.0,0.0,0.0,0.2497,3137180,3432292113.0,1.3805613822e+12,1.3805613822e+12
2019-09-12,'600519,贵州茅台,1099.0,1109.98,1066.0,1066.0,1069.52,29.48,2.7564,0.3281,4121133,4498210332.0,1.3805613822e+12,1.3805613822e+12
2019-09-11,'600519,贵州茅台,1069.52,1119.97,1068.0,1119.22,1123.85,-54.33,-4.8343,0.6505,8171654,8904690560.0,1.34352867106e+12,1.34352867106e+12
2019-09-10,'600519,贵州茅台,1123.85,1135.0,1120.01,1134.3,1136.52,-12.67,-1.1148,0.2088,2622707,2952753655.0,1.41177789753e+12,1.41177789753e+12
2019-09-09,'600519,贵州茅台,1136.52,1148.0,1135.0,1145.0,1142.49,-5.97,-0.5225,0.2339,2937934,3346080774.0,1.42769392366e+12,1.42769392366e+12
2019-09-06,'600519,贵州茅台,1142.49,1146.15,1131.0,1144.5,1144.0,-1.51,-0.132,0.2084,2617659,2978155822.0,1.43519342452e+12,1.43519342452e+12
2019-09-05,'600519,贵州茅台,1144.0,1144.9,1128.0,1129.0,1125.01,18.99,1.688,0.2621,3293084,3746608087.0,1.4370902832e+12,1.4370902832e+12
2019-09-04,'600519,贵州茅台,1125.01,1142.91,1120.11,1140.8,1140.0,-14.99,-1.3149,0.2675,3360022,3785904728.0,1.41323508698e+12,1.41323508698e+12
2019-09-03,'600519,贵州茅台,1140.0,1151.02,1128.56,1140.0,1138.76,1.24,0.1089,0.2347,2948509,3358578409.0,1.432065492e+12,1.432065492e+12
2019-09-02,'600519,贵州茅台,1138.76,1144.98,1129.0,1139.99,1142.0,-3.24,-0.2837,0.2248,2823433,3210850606.0,1.43050780673e+12,1.43050780673e+12
2019-08-30,'600519,贵州茅台,1142.0,1146.0,1123.0,1125.0,1113.1,28.9,2.5964,0.3574,4489077,5093877152.0,1.4345778876e+12,1.4345778876e+12
2019-08-29,'600519,贵州茅台,1113.1,1118.18,1092.5,1105.0,1100.11,12.99,1.1808,0.2335,2933042,3247704307.0,1.39827377118e+12,1.39827377118e+12
2019-08-28,'600519,贵州茅台,1100.11,1123.19,1083.01,1109.0,1109.0,-8.89,-0.8016,0.3742,4700967,5169778985.0,1.38195576176e+12,1.38195576176e+12
2019-08-27,'600519,贵州茅台,1109.0,1131.31,1109.0,1117.0,1102.95,6.05,0.5485,0.4153,5216421,5830617878.0,1.3931233602e+12,1.3931233602e+12
2019-08-26,'600519,贵州茅台,1102.95,1128.0,1096.68,1113.0,1130.1,-27.15,-2.4024,0.3861,4849789,5382792365.0,1.38552336351e+12,1.38552336351e+12
2019-08-23,'600519,贵州茅台,1130.1,1133.56,1095.62,1105.0,1104.0,26.1,2.3641,0.32,4019230,4495782910.0,1.41962913378e+12,1.41962913378e+12
2019-08-22,'600519,贵州茅台,1104.0,1104.0,1070.0,1072.99,1066.0,38.0,3.5647,0.2992,3759078,4099045126.0,1.3868423712e+12,1.3868423712e+12
2019-08-21,'600519,贵州茅台,1066.0,1076.97,1061.66,1070.1,1070.0,-4.0,-0.3738,0.1995,2506662,2678841887.0,1.3391068548e+12,1.3391068548e+12
2019-08-20,'600519,贵州茅台,1070.0,1073.68,1050.0,1055.0,1055.88,14.12,1.3373,0.2277,2860213,3038219263.0,1.344131646e+12,1.344131646e+12
2019-08-19,'600519,贵州茅台,1055.88,1069.98,1049.05,1061.0,1054.6,1.28,0.1214,0.2616,3286758,3471558016.0,1.32639413306e+12,1.32639413306e+12
2019-08-16,'600519,贵州茅台,1054.6,1075.58,1041.0,1049.84,1044.9,9.7,0.9283,0.2873,3608673,3822488363.0,1.32478619988e+12,1.32478619988e+12
2019-08-15,'600519,贵州茅台,1044.9,1046.48,1028.0,1028.0,1043.33,1.57,0.1505,0.2168,2723739,2821331120.0,1.31260108122e+12,1.31260108122e+12
2019-08-14,'600519,贵州茅台,1043.33,1051.9,1030.02,1030.02,1017.95,25.38,2.4932,0.3297,4141095,4327071299.0,1.31062885067e+12,1.31062885067e+12
2019-08-13,'600519,贵州茅台,1017.95,1026.0,1010.68,1016.16,1018.63,-0.68,-0.0668,0.2414,3032970,3088013760.0,1.27874655051e+12,1.27874655051e+12
2019-08-12,'600519,贵州茅台,1018.63,1020.1,995.01,1010.31,962.03,56.6,5.8834,0.6488,8149895,8208540716.0,1.27960076501e+12,1.27960076501e+12
2019-08-09,'600519,贵州茅台,962.03,980.95,958.99,978.5,971.68,-9.65,-0.9931,0.2266,2846170,2760764357.0,1.20849996953e+12,1.20849996953e+12
2019-08-08,'600519,贵州茅台,971.68,974.0,952.0,953.5,945.0,26.68,2.8233,0.3089,3880813,3755086990.0,1.2206222783e+12,1.2206222783e+12
2019-08-07,'600519,贵州茅台,945.0,955.53,945.0,949.5,946.3,-1.3,-0.1374,0.2139,2686998,2553463419.0,1.187106921e+12,1.187106921e+12
2019-08-06,'600519,贵州茅台,946.3,948.0,923.8,931.0,942.43,3.87,0.4106,0.3502,4399116,4121445010.0,1.18873997814e+12,1.18873997814e+12
2019-08-05,'600519,贵州茅台,942.43,954.0,940.0,945.0,954.45,-12.02,-1.2594,0.2927,3677431,3473341317.0,1.18387849265e+12,1.18387849265e+12
2019-08-02,'600519,贵州茅台,954.45,957.98,943.0,944.0,959.3,-4.85,-0.5056,0.3162,3971940,3772328947.0,1.19897799021e+12,1.19897799021e+12
2019-08-01,'600519,贵州茅台,959.3,977.0,953.02,976.51,972.6,-13.3,-1.3675,0.2793,3508952,3385045858.0,1.20507054954e+12,1.20507054954e+12
2019-07-31,'600519,贵州茅台,972.6,981.77,966.59,975.0,978.93,-6.33,-0.6466,0.1793,2252620,2191909987.0,1.22177798028e+12,1.22177798028e+12
2019-07-30,'600519,贵州茅台,978.93,983.0,971.0,976.5,976.41,2.52,0.2581,0.1555,1953797,1911965179.0,1.22972971235e+12,1.22972971235e+12
2019-07-29,'600519,贵州茅台,976.41,979.5,960.01,962.03,965.03,11.38,1.1792,0.2148,2698133,2626793557.0,1.2265640939e+12,1.2265640939e+12
2019-07-26,'600519,贵州茅台,965.03,971.0,958.55,961.97,963.0,2.03,0.2108,0.2107,2646759,2556208822.0,1.21226856293e+12,1.21226856293e+12
2019-07-25,'600519,贵州茅台,963.0,963.36,938.15,945.97,946.36,16.64,1.7583,0.3045,3825570,3633246146.0,1.2097184814e+12,1.2097184814e+12
2019-07-24,'600519,贵州茅台,946.36,959.9,944.69,958.31,953.98,-7.62,-0.7988,0.3723,4677120,4450509786.0,1.18881535001e+12,1.18881535001e+12
2019-07-23,'600519,贵州茅台,953.98,962.59,943.86,962.3,957.02,-3.04,-0.3177,0.2586,3248395,3087319264.0,1.19838757724e+12,1.19838757724e+12
2019-07-22,'600519,贵州茅台,957.02,964.0,950.25,960.0,955.87,1.15,0.1203,0.2239,2812549,2695084029.0,1.20220641856e+12,1.20220641856e+12
2019-07-19,'600519,贵州茅台,955.87,960.8,948.0,955.0,947.5,8.37,0.8834,0.223,2801481,2679887449.0,1.20076179109e+12,1.20076179109e+12
2019-07-18,'600519,贵州茅台,947.5,963.0,947.18,961.5,963.5,-16.0,-1.6606,0.3125,3925295,3748507464.0,1.1902474155e+12,1.1902474155e+12
2019-07-17,'600519,贵州茅台,963.5,972.99,962.13,968.0,968.0,-4.5,-0.4649,0.2027,2546887,2459954487.0,1.2103465803e+12,1.2103465803e+12
2019-07-16,'600519,贵州茅台,968.0,982.3,965.0,975.45,975.93,-7.93,-0.8126,0.2646,3324524,3226755644.0,1.2159994704e+12,1.2159994704e+12
2019-07-15,'600519,贵州茅台,975.93,980.1,951.13,967.8,986.09,-10.16,-1.0303,0.4766,5987040,5785726590.0,1.22596111895e+12,1.22596111895e+12
2019-07-12,'600519,贵州茅台,986.09,991.5,980.01,981.3,981.5,4.59,0.4677,0.2243,2817385,2778937975.0,1.2387240886e+12,1.2387240886e+12
2019-07-11,'600519,贵州茅台,981.5,998.38,976.0,989.96,982.52,-1.02,-0.1038,0.2429,3051419,3011117079.0,1.2329581407e+12,1.2329581407e+12
2019-07-10,'600519,贵州茅台,982.52,990.58,977.0,980.93,976.06,6.46,0.6618,0.2242,2816670,2774054724.0,1.23423946246e+12,1.23423946246e+12
2019-07-09,'600519,贵州茅台,976.06,989.0,968.35,979.3,984.86,-8.8,-0.8935,0.2525,3172332,3103986405.0,1.22612442467e+12,1.22612442467e+12
2019-07-08,'600519,贵州茅台,984.86,997.9,975.0,995.05,999.82,-14.96,-1.4963,0.2676,3361352,3313713091.0,1.23717896531e+12,1.23717896531e+12
2019-07-05,'600519,贵州茅台,999.82,1006.0,976.3,986.0,981.2,18.62,1.8977,0.3983,5003271,4968920475.0,1.2559716844e+12,1.2559716844e+12
2019-07-04,'600519,贵州茅台,981.2,990.8,971.22,985.8,987.9,-6.7,-0.6782,0.3679,4621668,4531686001.0,1.23258128136e+12,1.23258128136e+12
2019-07-03,'600519,贵州茅台,987.9,1023.0,981.5,1020.0,1025.0,-37.1,-3.6195,0.5345,6713932,6717755678.0,1.24099780662e+12,1.24099780662e+12
2019-07-02,'600519,贵州茅台,1025.0,1029.5,1016.0,1025.0,1031.86,-6.86,-0.6648,0.3109,3906109,3989722046.0,1.287602745e+12,1.287602745e+12
2019-07-01,'600519,贵州茅台,1031.86,1035.6,1000.22,1004.52,984.0,47.86,4.8638,0.4166,5233723,5325575854.0,1.29622026191e+12,1.29622026191e+12
2019-06-28,'600519,XD贵州茅,984.0,988.88,971.33,985.99,981.81,2.19,0.2231,0.2475,3108840,3050739277.0,1.2360986352e+12,1.2360986352e+12
2019-06-27,'600519,贵州茅台,996.35,1001.0,981.12,985.0,979.86,16.49,1.6829,0.3819,4797845,4772724089.0,1.25161267803e+12,1.25161267803e+12
2019-06-26,'600519,贵州茅台,979.86,985.0,971.22,985.0,982.98,-3.12,-0.3174,0.2355,2958818,2896585581.0,1.23089797631e+12,1.23089797631e+12
2019-06-25,'600519,贵州茅台,982.98,999.0,967.0,992.0,987.1,-4.12,-0.4174,0.4083,5129595,5035624420.0,1.23481731344e+12,1.23481731344e+12
2019-06-24,'600519,贵州茅台,987.1,999.69,975.0,978.3,976.3,10.8,1.1062,0.3644,4577920,4532526991.0,1.23999284838e+12,1.23999284838e+12
2019-06-21,'600519,贵州茅台,976.3,984.49,964.5,969.97,975.0,1.3,0.1333,0.3656,4592675,4482726902.0,1.22642591214e+12,1.22642591214e+12
2019-06-20,'600519,贵州茅台,975.0,975.5,932.2,932.5,932.01,42.99,4.6126,0.5355,6727197,6468666073.0,1.224792855e+12,1.224792855e+12
2019-06-19,'600519,贵州茅台,932.01,946.7,932.01,940.0,917.0,15.01,1.6369,0.4277,5372640,5051192622.0,1.17078891158e+12,1.17078891158e+12
2019-06-18,'600519,贵州茅台,917.0,920.0,902.6,917.0,911.6,5.4,0.5924,0.2344,2944138,2687679912.0,1.1519333826e+12,1.1519333826e+12
2019-06-17,'600519,贵州茅台,911.6,926.94,906.02,907.0,913.0,-1.4,-0.1533,0.2609,3276903,3001512189.0,1.14514991448e+12,1.14514991448e+12
2019-06-14,'600519,贵州茅台,913.0,932.3,910.02,911.0,910.0,3.0,0.3297,0.338,4245504,3905679105.0,1.1469085914e+12,1.1469085914e+12
2019-06-13,'600519,贵州茅台,910.0,912.3,897.0,910.0,906.7,3.3,0.364,0.262,3291742,2984741685.0,1.143139998e+12,1.143139998e+12
2019-06-12,'600519,贵州茅台,906.7,910.99,894.0,906.22,910.89,-4.19,-0.46,0.3005,3774740,3420899273.0,1.13899454526e+12,1.13899454526e+12
2019-06-11,'600519,贵州茅台,910.89,915.61,875.0,876.0,871.08,39.81,4.5702,0.6377,8010644,7209086880.0,1.14425801404e+12,1.14425801404e+12
2019-06-10,'600519,贵州茅台,871.08,878.95,840.0,857.98,862.13,8.95,1.0381,0.4418,5550246,4790052574.0,1.09424877962e+12,1.09424877962e+12
2019-06-06,'600519,贵州茅台,862.13,875.77,858.0,875.62,871.6,-9.47,-1.0865,0.2769,3478685,3009567792.0,1.08300580931e+12,1.08300580931e+12
2019-06-05,'600519,贵州茅台,871.6,886.26,870.0,884.0,875.3,-3.7,-0.4227,0.2712,3406736,2988114670.0,1.09490200248e+12,1.09490200248e+12
2019-06-04,'600519,贵州茅台,875.3,895.43,871.0,895.0,892.0,-16.7,-1.8722,0.3159,3968948,3481384251.0,1.09954993434e+12,1.09954993434e+12
2019-06-03,'600519,贵州茅台,892.0,901.35,886.28,892.0,890.0,2.0,0.2247,0.2745,3447924,3076922330.0,1.1205284376e+12,1.1205284376e+12
2019-05-31,'600519,贵州茅台,890.0,906.99,890.0,900.53,905.3,-15.3,-1.69,0.2849,3579380,3211384923.0,1.118016042e+12,1.118016042e+12
2019-05-30,'600519,贵州茅台,905.3,919.99,891.22,910.0,911.91,-6.61,-0.7249,0.3204,4024720,3634187681.0,1.13723586834e+12,1.13723586834e+12
2019-05-29,'600519,贵州茅台,911.91,924.95,888.01,888.01,888.0,23.91,2.6926,0.5226,6564696,5963755397.0,1.1455393358e+12,1.1455393358e+12
2019-05-28,'600519,贵州茅台,888.0,907.49,875.02,877.99,879.0,9.0,1.0239,0.5952,7477277,6670856081.0,1.1155036464e+12,1.1155036464e+12
2019-05-27,'600519,贵州茅台,879.0,882.99,860.05,879.1,878.5,0.5,0.0569,0.3117,3916191,3417213669.0,1.1041978662e+12,1.1041978662e+12
2019-05-24,'600519,贵州茅台,878.5,885.0,864.44,865.0,861.0,17.5,2.0325,0.3505,4403409,3858962204.0,1.1035697673e+12,1.1035697673e+12
2019-05-23,'600519,贵州茅台,861.0,883.98,856.22,881.0,888.0,-27.0,-3.0405,0.4622,5805863,5062812286.0,1.0815863058e+12,1.0815863058e+12
2019-05-22,'600519,贵州茅台,888.0,904.0,880.0,894.98,895.0,-7.0,-0.7821,0.2551,3204158,2853872828.0,1.1155036464e+12,1.1155036464e+12
2019-05-21,'600519,贵州茅台,895.0,910.0,872.02,885.0,884.96,10.04,1.1345,0.3374,4238565,3791406204.0,1.124297031e+12,1.124297031e+12
2019-05-20,'600519,贵州茅台,884.96,900.0,871.0,900.0,906.79,-21.83,-2.4074,0.3535,4440799,3931645928.0,1.11168480509e+12,1.11168480509e+12
2019-05-17,'600519,贵州茅台,906.79,932.3,900.1,927.02,929.91,-23.12,-2.4863,0.3968,4984161,4551116799.0,1.13910760306e+12,1.13910760306e+12
2019-05-16,'600519,贵州茅台,929.91,932.0,905.0,919.0,927.0,2.91,0.3139,0.3546,4454012,4108281950.0,1.1681508962e+12,1.1681508962e+12
2019-05-15,'600519,贵州茅台,927.0,933.0,890.24,890.24,886.57,40.43,4.5603,0.5025,6312425,5778791845.0,1.1644953606e+12,1.1644953606e+12
2019-05-14,'600519,贵州茅台,886.57,906.0,873.0,885.0,892.0,-5.43,-0.6087,0.4775,5998312,5349455647.0,1.11370728355e+12,1.11370728355e+12
2019-05-13,'600519,贵州茅台,892.0,910.98,884.0,898.86,907.12,-15.12,-1.6668,0.3713,4663718,4179329433.0,1.1205284376e+12,1.1205284376e+12
2019-05-10,'600519,贵州茅台,907.12,910.78,868.19,875.66,858.81,48.31,5.6252,0.6361,7990738,7121198718.0,1.13952214834e+12,1.13952214834e+12
2019-05-09,'600519,贵州茅台,858.81,879.87,842.5,875.0,884.4,-25.59,-2.8935,0.7287,9154515,7863312116.0,1.07883523262e+12,1.07883523262e+12
2019-05-08,'600519,贵州茅台,884.4,901.8,860.0,860.0,890.0,-5.6,-0.6292,0.6518,8188298,7217709507.0,1.11098133432e+12,1.11098133432e+12
2019-05-07,'600519,贵州茅台,890.0,913.94,870.22,893.28,906.0,-16.0,-1.766,0.8027,10083726,9045117765.0,1.118016042e+12,1.118016042e+12
2019-05-06,'600519,贵州茅台,906.0,935.0,893.0,925.5,974.0,-68.0,-6.9815,1.0755,13509968,12299395806.0,1.1381152068e+12,1.1381152068e+12
2019-04-30,'600519,贵州茅台,974.0,984.96,963.11,968.0,971.97,2.03,0.2089,0.2861,3594318,3503937512.0,1.2235366572e+12,1.2235366572e+12
2019-04-29,'600519,贵州茅台,971.97,989.0,935.0,945.0,945.0,26.97,2.854,0.4185,5257230,5086408528.0,1.22098657567e+12,1.22098657567e+12
2019-04-26,'600519,贵州茅台,945.0,959.88,945.0,946.3,952.37,-7.37,-0.7739,0.3445,4327768,4119727292.0,1.187106921e+12,1.187106921e+12
2019-04-25,'600519,贵州茅台,952.37,973.99,951.22,968.79,970.0,-17.63,-1.8175,0.3168,3980134,3822767525.0,1.19636509879e+12,1.19636509879e+12
2019-04-24,'600519,贵州茅台,970.0,990.0,951.22,979.88,974.95,-4.95,-0.5077,0.36,4522700,4383873128.0,1.218511866e+12,1.218511866e+12
2019-04-23,'600519,贵州茅台,974.95,981.22,949.2,951.0,949.2,25.75,2.7128,0.3889,4885205,4725480295.0,1.22473004511e+12,1.22473004511e+12
2019-04-22,'600519,贵州茅台,949.2,978.89,940.61,959.5,952.56,-3.36,-0.3527,0.3234,4062796,3897168684.0,1.19238295176e+12,1.19238295176e+12
2019-04-19,'600519,贵州茅台,952.56,960.95,931.31,943.96,945.5,7.06,0.7467,0.2578,3237978,3064971032.0,1.19660377637e+12,1.19660377637e+12
2019-04-18,'600519,贵州茅台,945.5,954.68,936.22,945.41,952.0,-6.5,-0.6828,0.156,1959852,1853076080.0,1.1877350199e+12,1.1877350199e+12
2019-04-17,'600519,贵州茅台,952.0,955.51,925.0,938.0,939.9,12.1,1.2874,0.3245,4076102,3848216557.0,1.1959003056e+12,1.1959003056e+12
2019-04-16,'600519,贵州茅台,939.9,939.9,901.22,904.9,907.0,32.9,3.6273,0.3696,4642344,4297385218.0,1.18070031222e+12,1.18070031222e+12
2019-04-15,'600519,贵州茅台,907.0,939.0,907.0,931.0,914.0,-7.0,-0.7659,0.3624,4552264,4205548308.0,1.1393714046e+12,1.1393714046e+12
2019-04-12,'600519,贵州茅台,914.0,919.99,900.01,909.0,925.2,-11.2,-1.2105,0.387,4861217,4419349981.0,1.1481647892e+12,1.1481647892e+12
2019-04-11,'600519,贵州茅台,925.2,950.0,905.55,948.0,947.99,-22.79,-2.404,0.4864,6110254,5643817564.0,1.16223420456e+12,1.16223420456e+12
2019-04-10,'600519,贵州茅台,947.99,951.9,900.0,903.0,905.0,42.99,4.7503,0.5398,6781438,6331858748.0,1.19086295242e+12,1.19086295242e+12
2019-04-09,'600519,贵州茅台,905.0,908.2,892.51,903.0,900.2,4.8,0.5332,0.382,4798980,4308645696.0,1.136859009e+12,1.136859009e+12
2019-04-08,'600519,贵州茅台,900.2,908.0,890.12,900.0,865.0,35.2,4.0694,0.5274,6625193,5944780639.0,1.13082925956e+12,1.13082925956e+12
2019-04-04,'600519,贵州茅台,865.0,865.8,836.2,840.0,844.5,20.5,2.4275,0.444,5577236,4763897857.0,1.086611097e+12,1.086611097e+12
2019-04-03,'600519,贵州茅台,844.5,851.74,834.21,840.12,850.0,-5.5,-0.6471,0.3428,4305680,3629854319.0,1.0608590421e+12,1.0608590421e+12
2019-04-02,'600519,贵州茅台,850.0,859.99,836.06,859.99,859.0,-9.0,-1.0477,0.4237,5322705,4496538849.0,1.06776813e+12,1.06776813e+12
2019-04-01,'600519,贵州茅台,859.0,868.95,851.0,860.0,853.99,5.01,0.5867,0.4851,6093461,5228521999.0,1.0790739102e+12,1.0790739102e+12
2019-03-29,'600519,贵州茅台,853.99,866.68,830.17,835.0,806.8,47.19,5.849,0.7239,9093396,7702154797.0,1.07278035922e+12,1.07278035922e+12
2019-03-28,'600519,贵州茅台,806.8,814.48,785.68,793.43,788.5,18.3,2.3209,0.4583,5756676,4615969704.0,1.01350038504e+12,1.01350038504e+12
2019-03-27,'600519,贵州茅台,788.5,793.88,775.0,781.0,773.0,15.5,2.0052,0.3408,4280739,3366132247.0,9.905119653e+11,9.905119653e+11
2019-03-26,'600519,贵州茅台,773.0,785.94,764.1,780.0,775.6,-2.6,-0.3352,0.2993,3759569,2914112997.0,9.710408994e+11,9.710408994e+11
2019-03-25,'600519,贵州茅台,775.6,788.0,773.3,786.0,794.0,-18.4,-2.3174,0.2967,3727046,2903744159.0,9.7430701368e+11,9.7430701368e+11
2019-03-22,'600519,贵州茅台,794.0,799.98,785.0,788.22,785.75,8.25,1.05,0.2429,3051750,2420497823.0,9.974210532e+11,9.974210532e+11
2019-03-21,'600519,贵州茅台,785.75,792.8,781.5,788.0,792.8,-7.05,-0.8893,0.2593,3257328,2558222913.0,9.8705742135e+11,9.8705742135e+11
2019-03-20,'600519,贵州茅台,792.8,802.3,785.0,790.0,792.61,0.19,0.024,0.2477,3111752,2470811128.0,9.9591361584e+11,9.9591361584e+11
2019-03-19,'600519,贵州茅台,792.61,807.92,792.3,803.0,810.09,-17.48,-2.1578,0.3235,4063493,3244967390.0,9.95674938258e+11,9.95674938258e+11
2019-03-18,'600519,贵州茅台,810.09,814.53,777.0,778.8,777.3,32.79,4.2184,0.6473,8131880,6499566987.0,1.0176332758e+12,1.0176332758e+12
2019-03-15,'600519,贵州茅台,777.3,787.5,764.85,776.0,778.0,-0.7,-0.09,0.4171,5240071,4084798328.0,9.7644254994e+11,9.7644254994e+11
2019-03-14,'600519,贵州茅台,778.0,785.0,754.0,757.0,754.0,24.0,3.183,0.4949,6217256,4808607656.0,9.773218884e+11,9.773218884e+11
2019-03-13,'600519,贵州茅台,754.0,760.75,745.5,745.5,745.01,8.99,1.2067,0.3229,4056136,3058080906.0,9.471731412e+11,9.471731412e+11
2019-03-12,'600519,贵州茅台,745.01,763.83,739.0,763.82,758.54,-13.53,-1.7837,0.418,5251001,3946382127.0,9.35879922978e+11,9.35879922978e+11
2019-03-11,'600519,贵州茅台,758.54,766.95,740.04,740.04,737.5,21.04,2.8529,0.4224,5305724,4001728730.0,9.52876279212e+11,9.52876279212e+11
2019-03-08,'600519,贵州茅台,737.5,746.83,733.65,737.9,748.6,-11.1,-1.4828,0.4161,5227525,3868415483.0,9.264458775e+11,9.264458775e+11
2019-03-07,'600519,贵州茅台,748.6,762.22,745.56,762.22,768.0,-19.4,-2.526,0.4791,6018053,4526351877.0,9.4038967308e+11,9.4038967308e+11
2019-03-06,'600519,贵州茅台,768.0,779.5,765.88,775.0,779.78,-11.78,-1.5107,0.372,4673137,3602140487.0,9.647599104e+11,9.647599104e+11
2019-03-05,'600519,贵州茅台,779.78,789.55,775.88,785.0,781.86,-2.08,-0.266,0.3569,4483056,3501155936.0,9.79557920484e+11,9.79557920484e+11
2019-03-04,'600519,贵州茅台,781.86,798.33,777.22,795.0,789.3,-7.44,-0.9426,0.6733,8458596,6661386571.0,9.82170811908e+11,9.82170811908e+11
2019-03-01,'600519,贵州茅台,789.3,790.0,761.0,761.5,755.01,34.29,4.5417,0.5082,6384023,4952509171.0,9.9151692354e+11,9.9151692354e+11
2019-02-28,'600519,贵州茅台,755.01,763.42,736.95,737.9,740.7,14.31,1.932,0.4536,5698625,4289145218.0,9.48441900978e+11,9.48441900978e+11
2019-02-27,'600519,贵州茅台,740.7,758.02,731.0,733.0,727.35,13.35,1.8354,0.5249,6594227,4908445127.0,9.3046571046e+11,9.3046571046e+11
2019-02-26,'600519,贵州茅台,727.35,749.18,726.0,747.8,742.33,-14.98,-2.018,0.4614,5796466,4265279124.0,9.1369546983e+11,9.1369546983e+11
2019-02-25,'600519,贵州茅台,742.33,744.44,717.99,730.75,726.01,16.32,2.2479,0.6577,8262259,6034261367.0,9.32513312874e+11,9.32513312874e+11
2019-02-22,'600519,贵州茅台,726.01,728.49,714.1,717.0,720.25,5.76,0.7997,0.2062,2590877,1867253930.0,9.12012164778e+11,9.12012164778e+11
2019-02-21,'600519,贵州茅台,720.25,730.48,717.0,720.0,722.0,-1.75,-0.2424,0.2376,2985040,2163554333.0,9.0477646545e+11,9.0477646545e+11
2019-02-20,'600519,贵州茅台,722.0,735.0,716.06,735.0,730.76,-8.76,-1.1988,0.3016,3788237,2742919644.0,9.069748116e+11,9.069748116e+11
2019-02-19,'600519,贵州茅台,730.76,742.5,726.66,740.96,740.0,-9.24,-1.2486,0.2348,2950150,2164408781.0,9.17979104328e+11,9.17979104328e+11
2019-02-18,'600519,贵州茅台,740.0,744.95,731.0,731.0,724.78,15.22,2.0999,0.3005,3774589,2787522993.0,9.29586372e+11,9.29586372e+11
2019-02-15,'600519,贵州茅台,724.78,734.88,723.02,734.88,737.16,-12.38,-1.6794,0.185,2323798,1691515518.0,9.10467041484e+11,9.10467041484e+11
2019-02-14,'600519,贵州茅台,737.16,743.66,730.14,731.2,735.25,1.91,0.2598,0.2568,3225813,2375987077.0,9.26018770248e+11,9.26018770248e+11
2019-02-13,'600519,贵州茅台,735.25,736.16,717.22,723.0,717.92,17.33,2.4139,0.284,3567706,2589623528.0,9.2361943245e+11,9.2361943245e+11
2019-02-12,'600519,贵州茅台,717.92,725.49,715.2,723.0,725.3,-7.38,-1.0175,0.2793,3509143,2521840124.0,9.01849524576e+11,9.01849524576e+11
2019-02-11,'600519,贵州茅台,725.3,729.5,688.18,695.0,692.67,32.63,4.7108,0.4628,5814075,4143849806.0,9.1112026434e+11,9.1112026434e+11
2019-02-01,'600519,贵州茅台,692.67,699.0,689.61,697.04,689.6,3.07,0.4452,0.243,3052062,2121326140.0,8.70130530126e+11,8.70130530126e+11
2019-01-31,'600519,贵州茅台,689.6,689.6,677.56,680.0,676.0,13.6,2.0118,0.2921,3669657,2515374970.0,8.6627400288e+11,8.6627400288e+11
2019-01-30,'600519,贵州茅台,676.0,686.22,676.0,684.99,685.0,-9.0,-1.3139,0.1807,2269996,1545353573.0,8.491897128e+11,8.491897128e+11
2019-01-29,'600519,贵州茅台,685.0,688.0,668.0,677.5,677.0,8.0,1.1817,0.2415,3034259,2069407513.0,8.60495493e+11,8.60495493e+11
2019-01-28,'600519,贵州茅台,677.0,693.98,676.03,684.0,679.7,-2.7,-0.3972,0.2874,3610287,2476277972.0,8.504459106e+11,8.504459106e+11
2019-01-25,'600519,贵州茅台,679.7,684.9,669.93,675.88,672.5,7.2,1.0706,0.2307,2898635,1966232090.0,8.5383764466e+11,8.5383764466e+11
2019-01-24,'600519,贵州茅台,672.5,677.83,664.68,670.3,665.66,6.84,1.0276,0.2321,2915527,1960227058.0,8.447930205e+11,8.447930205e+11
2019-01-23,'600519,贵州茅台,665.66,674.5,663.13,667.22,671.0,-5.34,-0.7958,0.2677,3362481,2247371221.0,8.36200627548e+11,8.36200627548e+11
2019-01-22,'600519,贵州茅台,671.0,686.0,665.22,686.0,686.98,-15.98,-2.3261,0.3353,4212221,2834735031.0,8.429087238e+11,8.429087238e+11
2019-01-21,'600519,贵州茅台,686.98,698.88,681.88,690.0,683.61,3.37,0.493,0.3746,4705193,3242615722.0,8.62982764644e+11,8.62982764644e+11
2019-01-18,'600519,贵州茅台,683.61,690.2,661.5,665.0,659.25,24.36,3.6951,0.5462,6860918,4647515824.0,8.58749378058e+11,8.58749378058e+11
2019-01-17,'600519,贵州茅台,659.25,669.7,655.8,663.0,661.1,-1.85,-0.2798,0.2411,3028476,2004454115.0,8.2814839965e+11,8.2814839965e+11
2019-01-16,'600519,贵州茅台,661.1,665.65,653.6,658.0,659.98,1.12,0.1697,0.335,4208364,2775103930.0,8.3047236558e+11,8.3047236558e+11
2019-01-15,'600519,贵州茅台,659.98,661.5,625.0,627.86,624.6,35.38,5.6644,0.4439,5576485,3613919068.0,8.29065424044e+11,8.29065424044e+11
2019-01-14,'600519,贵州茅台,624.6,635.89,621.55,633.0,635.88,-11.28,-1.7739,0.2042,2564890,1606308126.0,7.8462114588e+11,7.8462114588e+11
2019-01-11,'600519,贵州茅台,635.88,637.0,618.75,625.0,618.77,17.11,2.7652,0.3095,3888421,2445929483.0,7.98791057064e+11,7.98791057064e+11
2019-01-10,'600519,贵州茅台,618.77,624.88,610.25,617.13,616.12,2.65,0.4301,0.2312,2904390,1797683134.0,7.77297512706e+11,7.77297512706e+11
2019-01-09,'600519,贵州茅台,616.12,626.16,609.04,609.99,604.79,11.33,1.8734,0.3972,4989227,3084214779.0,7.73968588536e+11,7.73968588536e+11
2019-01-08,'600519,贵州茅台,604.79,612.0,600.28,605.5,605.49,-0.7,-0.1156,0.2296,2883813,1750413219.0,7.59735867462e+11,7.59735867462e+11
2019-01-07,'600519,贵州茅台,605.49,612.0,602.22,608.0,602.0,3.49,0.5797,0.2766,3475013,2105981461.0,7.60615205922e+11,7.60615205922e+11
2019-01-04,'600519,贵州茅台,602.0,607.67,582.02,587.28,590.0,12.0,2.0339,0.3,3768347,2258501484.0,7.562310756e+11,7.562310756e+11
2019-01-03,'600519,贵州茅台,590.0,601.66,585.8,599.97,598.98,-8.98,-1.4992,0.2466,3097735,1838179174.0,7.41156702e+11,7.41156702e+11
2019-01-02,'600519,贵州茅台,598.98,612.0,595.01,609.98,590.01,8.97,1.5203,0.4958,6228649,3754387984.0,7.52437358244e+11,7.52437358244e+11
